city,state,office_supply_sf,n_large_leases,tech_lease_count,avg_overall_rent,unemployment_rate,tech_score,rent_score,unemp_score,supply_score,composite_score
Atlanta,GA,7123404,74,101,29.417800410791283,3.6,0.7355371900826446,1,1,1,0.8942148760330579
Austin,TX,3106266,21,133,41.830547226665104,4.3,1,0,0,0.25918982456476825,0.4518379649129537
Nashville,TN,1959579,14,12,30.86729913709891,3.6,0,0.8832249825273193,1,0.04772648981268861,0.3861902944680016
Miami,FL,1700776,24,20,39.3031854482556,4.3,0.06611570247933884,0.20361019328755137,0,0,0.06716831964924581
