state,avg_state_rent,n_leases,total_courts
MD,24.19892336890285,4,764
PA,28.950685316386448,4,1602
GA,29.558777754110398,22,1372
NJ,30.35800930588995,4,1125
TN,32.047434028176525,4,760
FL,33.43750060569655,8,2483
MA,36.82899948668965,23,1278
TX,42.145976942895324,9,2522
CA,57.77193523961467,176,3672
NY,77.94417046206479,189,1770
